{"sampleCount":2,"avgValue":9.501293,"minValue":5.086252,"maxValue":13.916334,"curValue":13.916334,"timestamp":"Oct 19, 2019 9:58:41 PM","totValue":19.002586}